,name,F,alpha,obj1,Obj2,Gap(%),Time,Hubs,Cost
0,Instance_15_2.0_3_5_15_2.0_3_5.dat,0.046,3,1151.9999999999993,8.004,0.0,0.4829998016357422,15,1160.0039999999992
1,Instance_15_2.0_5_1_15_2.0_5_1.dat,0.046,5,1675.000000000007,20.239999999992467,0.0,0.3050000667572021,12,1695.2399999999996
2,Instance_15_2.0_5_2_15_2.0_5_2.dat,0.046,5,1530.0,14.26,0.0,1.18500018119812,12,1544.26
3,Instance_15_2.0_5_3_15_2.0_5_3.dat,0.046,5,1645.0,17.250000000000004,0.0,0.8300001621246338,13,1662.25
4,Instance_15_2.0_5_4_15_2.0_5_4.dat,0.046,5,1360.0,16.79,0.0,2.101999998092652,10,1376.79
5,Instance_15_2.0_5_5_15_2.0_5_5.dat,0.046,5,1605.0000000000598,18.85999999994377,0.0,0.949000120162964,13,1623.8600000000035
6,Instance_15_2.0_7_1_15_2.0_7_1.dat,0.046,7,1565.0,34.684,0.0,0.7239999771118164,5,1599.684
7,Instance_15_2.0_7_2_15_2.0_7_2.dat,0.046,7,1571.0000000000002,27.416,1.7689926820958647e-05,2.306999921798706,6,1598.4160000000002
8,Instance_15_2.0_7_3_15_2.0_7_3.dat,0.046,7,1970.0000000000007,38.87,0.0,2.256999969482422,7,2008.8700000000006
9,Instance_15_2.0_7_4_15_2.0_7_4.dat,0.046,7,1439.0,17.986,0.0,2.245000123977661,8,1456.986
10,Instance_15_2.0_7_5_15_2.0_7_5.dat,0.046,7,1562.0,23.552,0.0,2.797999858856201,7,1585.552
11,Instance_15_2.0_9_1_15_2.0_9_1.dat,0.046,9,973.0,17.893999999998726,0.0,1.3010001182556152,4,990.8939999999988
12,Instance_15_2.0_9_2_15_2.0_9_2.dat,0.046,9,1026.0,23.184,0.0,2.8310000896453857,4,1049.184
13,Instance_15_2.0_9_3_15_2.0_9_3.dat,0.046,9,1503.0,35.603999999996255,0.0,2.813999891281128,4,1538.6039999999962
14,Instance_15_2.0_9_4_15_2.0_9_4.dat,0.046,9,964.0,19.504,9.35430867591637e-05,0.4089999198913574,4,983.504
15,Instance_15_2.0_9_5_15_2.0_9_5.dat,0.046,9,1131.0,27.921999999999997,0.0,0.5490000247955322,4,1158.922
16,Instance_15_3.0_3_1_15_3.0_3_1.dat,0.069,3,1050.0,15.525000000000002,0.0,0.20399999618530276,15,1065.525
17,Instance_15_3.0_3_2_15_3.0_3_2.dat,0.069,3,948.0,12.834,0.0,0.14299988746643064,15,960.834
18,Instance_15_3.0_3_3_15_3.0_3_3.dat,0.069,3,1005.0,12.627,0.0,0.21700000762939453,15,1017.627
19,Instance_15_3.0_3_4_15_3.0_3_4.dat,0.069,3,882.0,9.315,0.0,0.2739999294281006,15,891.315
20,Instance_15_3.0_3_5_15_3.0_3_5.dat,0.069,3,1152.0,12.005999999998993,0.0,1.2129998207092283,15,1164.005999999999
21,Instance_15_3.0_5_1_15_3.0_5_1.dat,0.069,5,1675.0,30.35999999999979,0.0,0.6549999713897705,11,1705.36
22,Instance_15_3.0_5_2_15_3.0_5_2.dat,0.069,5,1530.0,21.39000000000002,0.0,1.4160001277923584,12,1551.39
23,Instance_15_3.0_5_3_15_3.0_5_3.dat,0.069,5,1645.0,25.875000000000004,0.0,0.7120001316070557,13,1670.875
24,Instance_15_3.0_5_4_15_3.0_5_4.dat,0.069,5,1360.0,25.185000000000034,0.0,2.049000024795532,10,1385.185
25,Instance_15_3.0_5_5_15_3.0_5_5.dat,0.069,5,1605.0,28.289999999997487,0.0,1.3410000801086426,13,1633.2899999999975
26,Instance_15_3.0_7_1_15_3.0_7_1.dat,0.069,7,1565.0,52.026,0.0,1.0370001792907717,5,1617.026
27,Instance_15_3.0_7_2_15_3.0_7_2.dat,0.069,7,1571.0000000000016,41.12399999999687,0.0,2.441999912261963,6,1612.1239999999984
28,Instance_15_3.0_7_3_15_3.0_7_3.dat,0.069,7,1970.0,58.30500000000001,0.0,1.8489999771118164,7,2028.305
29,Instance_15_3.0_7_4_15_3.0_7_4.dat,0.069,7,1439.0,26.979000000000006,0.0,1.9489998817443848,8,1465.979
30,Instance_15_3.0_7_5_15_3.0_7_5.dat,0.069,7,1568.0,28.014000000000006,0.0,5.022000074386597,7,1596.014
31,Instance_15_3.0_9_1_15_3.0_9_1.dat,0.069,9,973.0,26.840999999999998,0.0,1.3070001602172852,4,999.841
32,Instance_15_3.0_9_2_15_3.0_9_2.dat,0.069,9,1026.0,34.775999999992536,0.0,3.608999967575073,4,1060.7759999999926
33,Instance_15_3.0_9_3_15_3.0_9_3.dat,0.069,9,1503.0,53.40599999999648,0.0,2.6710000038146973,4,1556.4059999999965
34,Instance_15_3.0_9_4_15_3.0_9_4.dat,0.069,9,964.0,29.256000000000004,4.994523463758081e-05,0.49299979209899897,4,993.256
35,Instance_15_3.0_9_5_15_3.0_9_5.dat,0.069,9,1131.0,41.883,0.0,0.6789999008178711,4,1172.883
36,Instance_15_4.0_3_1_15_4.0_3_1.dat,0.092,3,1050.0,20.7,0.0,0.1960000991821289,15,1070.7
37,Instance_15_4.0_3_2_15_4.0_3_2.dat,0.092,3,948.0,17.112000000000002,0.0,0.14100003242492676,15,965.112
38,Instance_15_4.0_3_3_15_4.0_3_3.dat,0.092,3,1005.0,16.836,0.0,0.20199990272521973,15,1021.836
39,Instance_15_4.0_3_4_15_4.0_3_4.dat,0.092,3,882.0,12.42,0.0,0.2549998760223389,15,894.42
40,Instance_15_4.0_3_5_15_4.0_3_5.dat,0.092,3,1152.0,16.00799999999866,0.0,0.6619999408721924,15,1168.0079999999987
41,Instance_15_4.0_5_1_15_4.0_5_1.dat,0.092,5,1675.0000180164047,40.47997965782292,0.0,1.1069998741149902,12,1715.4799976742277
42,Instance_15_4.0_5_2_15_4.0_5_2.dat,0.092,5,1530.0,28.51999999999732,0.0,2.2660000324249268,12,1558.5199999999973
43,Instance_15_4.0_5_3_15_4.0_5_3.dat,0.092,5,1650.0,28.05999999999866,0.0,0.4950001239776611,13,1678.0599999999986
44,Instance_15_4.0_5_4_15_4.0_5_4.dat,0.092,5,1360.0,33.58,0.0,2.4059998989105225,10,1393.58
45,Instance_15_4.0_5_5_15_4.0_5_5.dat,0.092,5,1605.0,37.719999999999,0.0,2.2159998416900635,13,1642.719999999999
46,Instance_15_4.0_7_1_15_4.0_7_1.dat,0.092,7,1565.0000000000002,69.36799999999715,0.0,1.7709999084472656,5,1634.3679999999974
47,Instance_15_4.0_7_2_15_4.0_7_2.dat,0.092,7,1571.0,54.832,0.0,2.1429998874664307,6,1625.832
48,Instance_15_4.0_7_3_15_4.0_7_3.dat,0.092,7,1996.9999999999993,48.943999999999996,0.0,2.1429998874664307,9,2045.9439999999993
49,Instance_15_4.0_7_4_15_4.0_7_4.dat,0.092,7,1439.0,35.972,0.0,2.690999984741211,8,1474.972
50,Instance_15_4.0_7_5_15_4.0_7_5.dat,0.092,7,1568.0,37.352,0.0,4.778000116348267,7,1605.352
51,Instance_15_4.0_9_1_15_4.0_9_1.dat,0.092,9,973.0,35.788000000000004,0.0,1.008000135421753,4,1008.788
52,Instance_15_4.0_9_2_15_4.0_9_2.dat,0.092,9,1030.0000000000039,41.95199999999567,0.0,4.611000061035156,4,1071.9519999999995
53,Instance_15_4.0_9_3_15_4.0_9_3.dat,0.092,9,1503.0,71.20799999999635,0.0,2.38700008392334,4,1574.2079999999964
54,Instance_15_4.0_9_4_15_4.0_9_4.dat,0.092,9,964.0,39.00800000000001,0.0,0.5249998569488525,4,1003.008
55,Instance_15_4.0_9_5_15_4.0_9_5.dat,0.092,9,1131.0000000000002,55.843999999999355,7.097815373004557e-09,0.8919999599456787,4,1186.8439999999996
56,Instance_15_5.0_3_1_15_5.0_3_1.dat,0.115,3,1050.0,25.875,0.0,0.2369999885559082,15,1075.875
57,Instance_15_5.0_3_2_15_5.0_3_2.dat,0.115,3,948.0,21.39,0.0,0.1269998550415039,15,969.39
58,Instance_15_5.0_3_3_15_5.0_3_3.dat,0.115,3,1005.0,21.04500000000002,0.0,0.18199992179870605,15,1026.045
59,Instance_15_5.0_3_4_15_5.0_3_4.dat,0.115,3,882.0,15.525,0.0,0.5669999122619629,15,897.525
60,Instance_15_5.0_3_5_15_5.0_3_5.dat,0.115,3,1152.0,20.009999987803024,0.0,0.5079998970031738,15,1172.009999987803
61,Instance_15_5.0_5_1_15_5.0_5_1.dat,0.115,5,1675.0000000000025,50.599999999996456,0.0,1.502000093460083,11,1725.599999999999
62,Instance_15_5.0_5_2_15_5.0_5_2.dat,0.115,5,1530.0,35.65,0.0,1.1710000038146973,12,1565.65
63,Instance_15_5.0_5_3_15_5.0_5_3.dat,0.115,5,1650.0,35.075,0.0,1.5470001697540283,13,1685.075
64,Instance_15_5.0_5_4_15_5.0_5_4.dat,0.115,5,1360.0,41.97499999999373,0.0,2.0480000972747803,10,1401.9749999999938
65,Instance_15_5.0_5_5_15_5.0_5_5.dat,0.115,5,1605.0,47.15,0.0,1.5829999446868896,13,1652.15
66,Instance_15_5.0_7_1_15_5.0_7_1.dat,0.115,7,1565.0,86.70999999994646,0.0,1.99399995803833,5,1651.7099999999464
67,Instance_15_5.0_7_2_15_5.0_7_2.dat,0.115,7,1571.0,68.54,0.0,2.4120001792907715,6,1639.54
68,Instance_15_5.0_7_3_15_5.0_7_3.dat,0.115,7,1997.0,61.17999999999999,0.0,2.498000144958496,9,2058.18
69,Instance_15_5.0_7_4_15_5.0_7_4.dat,0.115,7,1439.0,44.96499999999832,0.0,2.815000057220459,8,1483.9649999999983
70,Instance_15_5.0_7_5_15_5.0_7_5.dat,0.115,7,1568.0,46.69000000000001,0.0,1.937000036239624,7,1614.69
71,Instance_15_5.0_9_1_15_5.0_9_1.dat,0.115,9,973.0,44.735,0.0,1.2119998931884766,4,1017.735
72,Instance_15_5.0_9_2_15_5.0_9_2.dat,0.115,9,1030.0000000000002,52.4399999999846,0.0,6.533999919891357,4,1082.4399999999848
73,Instance_15_5.0_9_3_15_5.0_9_3.dat,0.115,9,1503.0,89.00999999999287,0.0,3.5420000553131104,4,1592.009999999993
74,Instance_15_5.0_9_4_15_5.0_9_4.dat,0.115,9,964.0,48.76000000000001,0.0,0.5939998626708984,4,1012.76
75,Instance_15_5.0_9_5_15_5.0_9_5.dat,0.115,9,1140.0,60.029999999999774,0.0,1.1349999904632568,4,1200.0299999999997
76,Instance_15_6.0_3_1_15_6.0_3_1.dat,0.138,3,1050.0,31.050000000000004,0.0,0.35000014305114746,15,1081.05
77,Instance_15_6.0_3_2_15_6.0_3_2.dat,0.138,3,948.0,25.668000000000006,0.0,0.2489998340606689,15,973.668
78,Instance_15_6.0_3_3_15_6.0_3_3.dat,0.138,3,1005.0,25.254,0.0,0.2090001106262207,15,1030.254
79,Instance_15_6.0_3_4_15_6.0_3_4.dat,0.138,3,882.0,18.630000000000006,0.0,0.3710000514984131,15,900.63
80,Instance_15_6.0_3_5_15_6.0_3_5.dat,0.138,3,1152.0,24.011999999999997,0.0,0.6440000534057617,15,1176.012
81,Instance_15_6.0_5_1_15_6.0_5_1.dat,0.138,5,1675.0000000000002,60.7199999999995,0.0,1.3350000381469729,11,1735.7199999999998
82,Instance_15_6.0_5_2_15_6.0_5_2.dat,0.138,5,1530.0,42.78,0.0,2.006999969482422,12,1572.78
83,Instance_15_6.0_5_3_15_6.0_5_3.dat,0.138,5,1650.0,42.09,0.0,0.4729998111724854,13,1692.09
84,Instance_15_6.0_5_4_15_6.0_5_4.dat,0.138,5,1360.0,50.369999999997866,0.0,2.7699999809265137,10,1410.3699999999978
85,Instance_15_6.0_5_5_15_6.0_5_5.dat,0.138,5,1605.0,56.57999999999575,0.0,2.824000120162964,13,1661.5799999999958
86,Instance_15_6.0_7_1_15_6.0_7_1.dat,0.138,7,1565.000000000001,104.0519999999915,0.0,3.0209999084472656,5,1669.0519999999924
87,Instance_15_6.0_7_2_15_6.0_7_2.dat,0.138,7,1571.0,82.24799999999999,0.0,3.0780000686645512,6,1653.248
88,Instance_15_6.0_7_3_15_6.0_7_3.dat,0.138,7,1997.0,73.41600000000003,0.0,2.634000062942505,9,2070.416
89,Instance_15_6.0_7_4_15_6.0_7_4.dat,0.138,7,1439.0,53.95800000000001,0.0,3.009000062942505,8,1492.958
90,Instance_15_6.0_7_5_15_6.0_7_5.dat,0.138,7,1568.0,56.02800000000008,0.0,1.8559999465942385,7,1624.028
91,Instance_15_6.0_9_1_15_6.0_9_1.dat,0.138,9,973.0000000000003,53.68199999999923,0.0,1.2760000228881836,4,1026.6819999999996
92,Instance_15_6.0_9_2_15_6.0_9_2.dat,0.138,9,1030.000000000015,62.92799999997777,0.0,6.0969998836517325,4,1092.9279999999928
93,Instance_15_6.0_9_3_15_6.0_9_3.dat,0.138,9,1532.0,76.31400000000002,0.0,1.6429998874664309,4,1608.314
94,Instance_15_6.0_9_4_15_6.0_9_4.dat,0.138,9,964.000000000001,58.511999999998075,0.0,0.8459999561309814,4,1022.5119999999991
95,Instance_15_6.0_9_5_15_6.0_9_5.dat,0.138,9,1146.0000000000005,65.96399999999961,0.0,1.747999906539917,4,1211.9640000000002
96,Instance_15_7.0_3_1_15_7.0_3_1.dat,0.162,3,1050.0,36.45,0.0,0.3220000267028809,15,1086.45
97,Instance_15_7.0_3_2_15_7.0_3_2.dat,0.162,3,948.0,30.131999999999998,0.0,0.187000036239624,15,978.132
98,Instance_15_7.0_3_3_15_7.0_3_3.dat,0.162,3,1005.0,29.646,0.0,0.1970000267028809,15,1034.646
99,Instance_15_7.0_3_4_15_7.0_3_4.dat,0.162,3,882.0,21.87,0.0,0.35699987411499023,15,903.87
100,Instance_15_7.0_3_5_15_7.0_3_5.dat,0.162,3,1152.0,28.187999999999523,0.0,1.2330000400543213,15,1180.1879999999994
101,Instance_15_7.0_5_1_15_7.0_5_1.dat,0.162,5,1675.0,71.27999999999959,0.0,1.6300001144409182,11,1746.2799999999995
102,Instance_15_7.0_5_2_15_7.0_5_2.dat,0.162,5,1530.0,50.22,0.0,1.2349998950958252,12,1580.22
103,Instance_15_7.0_5_3_15_7.0_5_3.dat,0.162,5,1649.9999999999993,49.40999999999993,0.0,2.2970001697540283,13,1699.4099999999992
104,Instance_15_7.0_5_4_15_7.0_5_4.dat,0.162,5,1360.0,59.13,0.0,2.4129998683929443,10,1419.13
105,Instance_15_7.0_5_5_15_7.0_5_5.dat,0.162,5,1605.0,66.41999999999882,0.0,2.935999870300293,13,1671.4199999999987
106,Instance_15_7.0_7_1_15_7.0_7_1.dat,0.162,7,1565.0,122.14799999997408,0.0,4.069000005722047,5,1687.147999999974
107,Instance_15_7.0_7_2_15_7.0_7_2.dat,0.162,7,1571.0000000000007,96.55199999999904,0.0,2.684000015258789,6,1667.5519999999997
108,Instance_15_7.0_7_3_15_7.0_7_3.dat,0.162,7,1997.0,86.18399999999994,0.0,2.6569998264312744,9,2083.1839999999997
109,Instance_15_7.0_7_4_15_7.0_7_4.dat,0.162,7,1439.0,63.34199999999735,0.0,2.3319997787475586,8,1502.3419999999974
110,Instance_15_7.0_7_5_15_7.0_7_5.dat,0.162,7,1568.0,65.77199999999999,0.0,1.888999938964844,7,1633.772
111,Instance_15_7.0_9_1_15_7.0_9_1.dat,0.162,9,973.0,63.01799999999978,0.0,2.434000015258789,4,1036.0179999999998
112,Instance_15_7.0_9_2_15_7.0_9_2.dat,0.162,9,1030.0,73.872,0.0,4.559999942779541,4,1103.872
113,Instance_15_7.0_9_3_15_7.0_9_3.dat,0.162,9,1532.0,89.586,0.0,2.934999942779541,4,1621.586
114,Instance_15_7.0_9_4_15_7.0_9_4.dat,0.162,9,964.0,68.68799999999959,2.8891901170472844e-05,1.4850001335144043,4,1032.6879999999996
115,Instance_15_7.0_9_5_15_7.0_9_5.dat,0.162,9,1154.0,69.336,0.0,1.949000120162964,4,1223.336
116,Instance_15_8.0_3_1_15_8.0_3_1.dat,0.185,3,1049.9999999999613,41.62499999991385,0.0,0.3880000114440918,15,1091.6249999998752
117,Instance_15_8.0_3_2_15_8.0_3_2.dat,0.185,3,948.0,34.41,0.0,0.192000150680542,15,982.41
118,Instance_15_8.0_3_3_15_8.0_3_3.dat,0.185,3,1004.9999999999997,33.85500000000001,0.0,0.21199989318847656,15,1038.8549999999996
119,Instance_15_8.0_3_4_15_8.0_3_4.dat,0.185,3,882.0,24.975,0.0,0.3619999885559082,15,906.975
120,Instance_15_8.0_3_5_15_8.0_3_5.dat,0.185,3,1152.0,32.18999999999936,0.0,1.2029998302459717,15,1184.1899999999994
121,Instance_15_8.0_5_1_15_8.0_5_1.dat,0.185,5,1675.0,81.39999999999948,0.0,2.7710001468658447,11,1756.3999999999994
122,Instance_15_8.0_5_2_15_8.0_5_2.dat,0.185,5,1530.0,57.35,0.0,1.2599999904632568,12,1587.35
123,Instance_15_8.0_5_3_15_8.0_5_3.dat,0.185,5,1650.0,56.42500000000004,0.0,1.5099999904632568,13,1706.425
124,Instance_15_8.0_5_4_15_8.0_5_4.dat,0.185,5,1360.0,67.52500000000002,0.0,2.950999975204468,10,1427.525
125,Instance_15_8.0_5_5_15_8.0_5_5.dat,0.185,5,1604.9999999999695,75.84999999999849,0.0,1.6119999885559082,13,1680.849999999968
126,Instance_15_8.0_7_1_15_8.0_7_1.dat,0.185,7,1565.0,139.49,0.0,5.172000169754028,5,1704.49
127,Instance_15_8.0_7_2_15_8.0_7_2.dat,0.185,7,1571.0000000000039,110.25999999999556,0.0,2.57099986076355,6,1681.2599999999993
128,Instance_15_8.0_7_3_15_8.0_7_3.dat,0.185,7,1997.0,98.42,0.0,3.8959999084472656,9,2095.42
129,Instance_15_8.0_7_4_15_8.0_7_4.dat,0.185,7,1439.0,72.33500000000002,0.0,3.950999975204468,8,1511.335
130,Instance_15_8.0_7_5_15_8.0_7_5.dat,0.185,7,1568.0000000000007,75.1099999999989,0.0,2.23799991607666,7,1643.1099999999997
131,Instance_15_8.0_9_1_15_8.0_9_1.dat,0.185,9,989.0,54.76,0.0,2.6430001258850098,4,1043.76
132,Instance_15_8.0_9_2_15_8.0_9_2.dat,0.185,9,1030.0000000000025,84.35999999999495,0.0,3.4579999446868896,4,1114.3599999999974
133,Instance_15_8.0_9_3_15_8.0_9_3.dat,0.185,9,1531.9999999999998,102.305,0.0,2.5909998416900635,4,1634.3049999999998
134,Instance_15_8.0_9_4_15_8.0_9_4.dat,0.185,9,964.0,78.44,0.0,1.6590001583099363,4,1042.44
135,Instance_15_8.0_9_5_15_8.0_9_5.dat,0.185,9,1154.0,79.17999999999992,0.0,1.6830000877380369,4,1233.1799999999998
136,Instance_15_9.0_3_1_15_9.0_3_1.dat,0.20800000000000002,3,1050.0000000000077,46.79999999990314,0.0,0.3940000534057617,15,1096.7999999999108
137,Instance_15_9.0_3_2_15_9.0_3_2.dat,0.20800000000000002,3,948.0000000000102,38.68799999998789,0.0,0.21600008010864255,15,986.6879999999982
138,Instance_15_9.0_3_3_15_9.0_3_3.dat,0.20800000000000002,3,1005.0,38.06400000000001,0.0,0.24200010299682614,15,1043.064
139,Instance_15_9.0_3_4_15_9.0_3_4.dat,0.20800000000000002,3,882.0,28.08,0.0,0.4049999713897705,15,910.08
140,Instance_15_9.0_3_5_15_9.0_3_5.dat,0.20800000000000002,3,1151.9999999999998,36.191999999999815,0.0,0.8199999332427979,15,1188.1919999999996
141,Instance_15_9.0_5_1_15_9.0_5_1.dat,0.20800000000000002,5,1675.0,91.51999999999849,0.0,1.817000150680542,11,1766.5199999999984
142,Instance_15_9.0_5_2_15_9.0_5_2.dat,0.20800000000000002,5,1530.0,64.47999999999847,0.0,2.3020000457763667,12,1594.4799999999984
143,Instance_15_9.0_5_3_15_9.0_5_3.dat,0.20800000000000002,5,1650.0,63.43999999999998,0.0,2.0249998569488525,13,1713.44
144,Instance_15_9.0_5_4_15_9.0_5_4.dat,0.20800000000000002,5,1360.0,75.92,0.0,4.134999990463257,10,1435.92
145,Instance_15_9.0_5_5_15_9.0_5_5.dat,0.20800000000000002,5,1605.0,85.28,0.0,1.6640000343322754,13,1690.28
146,Instance_15_9.0_7_1_15_9.0_7_1.dat,0.20800000000000002,7,1565.0,156.83199999999906,0.0,4.507999897003174,5,1721.831999999999
147,Instance_15_9.0_7_2_15_9.0_7_2.dat,0.20800000000000002,7,1570.9999999999998,123.96799999999998,0.0,2.470999956130981,6,1694.9679999999998
148,Instance_15_9.0_7_3_15_9.0_7_3.dat,0.20800000000000002,7,1997.0,110.656,0.0,2.9279999732971187,9,2107.656
149,Instance_15_9.0_7_4_15_9.0_7_4.dat,0.20800000000000002,7,1439.0,81.32800000000006,0.0,3.2320001125335693,8,1520.328
150,Instance_15_9.0_7_5_15_9.0_7_5.dat,0.20800000000000002,7,1568.0,84.448,0.0,2.176999807357788,7,1652.448
151,Instance_15_9.0_9_1_15_9.0_9_1.dat,0.20800000000000002,9,989.0,61.56799999999858,0.0,2.672999858856201,4,1050.5679999999986
152,Instance_15_9.0_9_2_15_9.0_9_2.dat,0.20800000000000002,9,1030.0000000000186,94.84799999997664,0.0,3.9300000667572017,4,1124.8479999999952
153,Instance_15_9.0_9_3_15_9.0_9_3.dat,0.20800000000000002,9,1532.0,115.024,0.0,2.5500001907348637,4,1647.024
154,Instance_15_9.0_9_4_15_9.0_9_4.dat,0.20800000000000002,9,964.0,88.19199999999977,0.0,1.8400001525878904,4,1052.1919999999998
155,Instance_15_9.0_9_5_15_9.0_9_5.dat,0.20800000000000002,9,1154.0,89.024,0.0,2.1199998855590816,4,1243.024
156,Instance_25_1.0_3_1_25_1.0_3_1.dat,0.023,3,1365.0,5.9340000000000055,0.0,2.6540000438690186,25,1370.934
157,Instance_25_1.0_3_2_25_1.0_3_2.dat,0.023,3,1257.0,4.070999999999989,0.0,6.691999912261963,25,1261.071
158,Instance_25_1.0_3_3_25_1.0_3_3.dat,0.023,3,1398.0,3.864,0.0,10.128000020980837,25,1401.864
159,Instance_25_1.0_3_4_25_1.0_3_4.dat,0.023,3,1218.0,2.9670000000000005,0.0,5.7750000953674325,25,1220.967
160,Instance_25_1.0_3_5_25_1.0_3_5.dat,0.023,3,1155.0,2.76,0.0,0.6500000953674316,25,1157.76
161,Instance_25_1.0_5_1_25_1.0_5_1.dat,0.023,5,2095.0,7.935,0.0,16.502000093460087,18,2102.935
162,Instance_25_1.0_5_2_25_1.0_5_2.dat,0.023,5,1975.0,7.59,0.0,5.928999900817871,20,1982.59
163,Instance_25_1.0_5_3_25_1.0_5_3.dat,0.023,5,2254.9999999999995,7.015,0.0,17.519000053405758,19,2262.0149999999994
164,Instance_25_1.0_5_4_25_1.0_5_4.dat,0.023,5,1790.0,7.3599999999999985,0.0,21.405000209808353,20,1797.36
165,Instance_25_1.0_5_5_25_1.0_5_5.dat,0.023,5,1860.0,7.245,0.0,0.9169998168945312,21,1867.245
166,Instance_25_1.0_7_1_25_1.0_7_1.dat,0.023,7,2206.0,15.157,0.0,39.546000003814704,10,2221.157
167,Instance_25_1.0_7_2_25_1.0_7_2.dat,0.023,7,2284.0,13.546999999999995,0.0,36.245000123977654,12,2297.547
168,Instance_25_1.0_7_3_25_1.0_7_3.dat,0.023,7,2416.0,14.351999999972826,0.0,22.60700011253357,10,2430.351999999973
169,Instance_25_1.0_7_4_25_1.0_7_4.dat,0.023,7,2087.0,14.214,0.0,260.81000018119806,11,2101.214
170,Instance_25_1.0_7_5_25_1.0_7_5.dat,0.023,7,2311.0,10.970999999999998,0.0,26.56800007820129,13,2321.971
171,Instance_25_1.0_9_1_25_1.0_9_1.dat,0.023,9,1505.0,20.93,0.0,20.177999973297123,4,1525.93
172,Instance_25_1.0_9_2_25_1.0_9_2.dat,0.023,9,1606.0,19.389,0.0,18.94600009918213,4,1625.389
173,Instance_25_1.0_9_3_25_1.0_9_3.dat,0.023,9,1405.0,13.478,0.0,6.452999830245973,4,1418.478
174,Instance_25_1.0_9_4_25_1.0_9_4.dat,0.023,9,1093.0,16.352999999999998,9.541131414977679e-05,8.092999935150146,4,1109.353
175,Instance_25_1.0_9_5_25_1.0_9_5.dat,0.023,9,1543.999999999998,20.469999999996237,0.0,27.381999969482425,4,1564.4699999999941
176,Instance_25_10.0_3_1_25_10.0_3_1.dat,0.231,3,1371.0,42.966,0.0,23.04100012779236,25,1413.966
177,Instance_25_10.0_3_2_25_10.0_3_2.dat,0.231,3,1256.9999999999993,40.88699999999994,0.0,4.863000154495238,25,1297.8869999999993
178,Instance_25_10.0_3_3_25_10.0_3_3.dat,0.231,3,1397.9999999999998,38.808,0.0,14.80299997329712,25,1436.8079999999998
179,Instance_25_10.0_3_4_25_10.0_3_4.dat,0.231,3,1218.0000000000002,29.799,0.0,7.726999998092651,25,1247.7990000000002
180,Instance_25_10.0_3_5_25_10.0_3_5.dat,0.231,3,1155.0,27.72,0.0,1.9479999542236328,25,1182.72
181,Instance_25_10.0_5_1_25_10.0_5_1.dat,0.231,5,2095.0,79.69500000000002,0.0,31.311999797821045,18,2174.695
182,Instance_25_10.0_5_2_25_10.0_5_2.dat,0.231,5,1975.0,76.22999999998908,0.0,17.76699995994568,20,2051.229999999989
183,Instance_25_10.0_5_3_25_10.0_5_3.dat,0.231,5,2255.0,70.455,0.0,16.716000080108646,19,2325.455
184,Instance_25_10.0_5_4_25_10.0_5_4.dat,0.231,5,1805.0,58.90500000000003,0.0,10.031000137329102,22,1863.905
185,Instance_25_10.0_5_5_25_10.0_5_5.dat,0.231,5,1860.0,72.765,0.0,2.61299991607666,21,1932.765
186,Instance_25_10.0_7_1_25_10.0_7_1.dat,0.231,7,2229.0,98.17499999999932,0.0,339.4559998512268,11,2327.1749999999993
187,Instance_25_10.0_7_2_25_10.0_7_2.dat,0.231,7,2284.0,136.05900000000003,0.0,37.46399998664857,12,2420.059
188,Instance_25_10.0_7_3_25_10.0_7_3.dat,0.231,7,2443.0,117.117,0.0,26.395999908447266,10,2560.117
189,Instance_25_10.0_7_4_25_10.0_7_4.dat,0.231,7,2106.0,107.64599999999996,0.0,575.9030001163483,15,2213.6459999999997
190,Instance_25_10.0_7_5_25_10.0_7_5.dat,0.231,7,2320.0,97.25099999982865,0.0,92.20300006866456,13,2417.2509999998288
191,Instance_25_10.0_9_1_25_10.0_9_1.dat,0.231,9,1566.0,127.04999999999998,0.0,195.58500003814697,5,1693.05
192,Instance_25_10.0_9_2_25_10.0_9_2.dat,0.231,9,1626.0,155.925,0.0,35.44300007820129,4,1781.925
193,Instance_25_10.0_9_3_25_10.0_9_3.dat,0.231,9,1405.0,135.366,0.0,17.934999942779537,4,1540.366
194,Instance_25_10.0_9_4_25_10.0_9_4.dat,0.231,9,1112.0,90.78299999999709,0.0,31.27900004386902,4,1202.7829999999972
195,Instance_25_10.0_9_5_25_10.0_9_5.dat,0.231,9,1521.0,151.53599999999852,0.0,16.26699995994568,4,1672.5359999999985
196,Instance_25_2.0_3_1_25_2.0_3_1.dat,0.046,3,1365.0,11.868,0.0,5.3989999294281015,25,1376.868
197,Instance_25_2.0_3_2_25_2.0_3_2.dat,0.046,3,1257.0,8.141999999994646,0.0,2.5739998817443848,25,1265.1419999999946
198,Instance_25_2.0_3_3_25_2.0_3_3.dat,0.046,3,1398.0,7.7280000000000015,0.0,4.2719998359680185,25,1405.728
199,Instance_25_2.0_3_4_25_2.0_3_4.dat,0.046,3,1218.0,5.9339999999999975,9.743171563065132e-10,3.196000099182129,25,1223.934
200,Instance_25_2.0_3_5_25_2.0_3_5.dat,0.046,3,1155.0,5.52,0.0,0.5559999942779541,25,1160.52
201,Instance_25_2.0_5_1_25_2.0_5_1.dat,0.046,5,2095.0,15.869999999999996,0.0,16.91700005531311,18,2110.87
202,Instance_25_2.0_5_2_25_2.0_5_2.dat,0.046,5,1975.0,15.179999999999977,0.0,4.552999973297119,20,1990.18
203,Instance_25_2.0_5_3_25_2.0_5_3.dat,0.046,5,2254.9999999999995,14.029999999994645,0.0,8.206000089645388,19,2269.0299999999943
204,Instance_25_2.0_5_4_25_2.0_5_4.dat,0.046,5,1790.0,14.72,0.0,8.077999830245973,20,1804.72
205,Instance_25_2.0_5_5_25_2.0_5_5.dat,0.046,5,1860.0,14.49,0.0,0.9479999542236328,21,1874.49
206,Instance_25_2.0_7_1_25_2.0_7_1.dat,0.046,7,2206.0,30.314,0.0,41.787999868392944,10,2236.314
207,Instance_25_2.0_7_2_25_2.0_7_2.dat,0.046,7,2284.0,27.094,0.0,18.77999997138977,12,2311.094
208,Instance_25_2.0_7_3_25_2.0_7_3.dat,0.046,7,2416.0,28.70399999999998,0.0,12.005000114440918,10,2444.704
209,Instance_25_2.0_7_4_25_2.0_7_4.dat,0.046,7,2087.0,28.427999999999532,0.0,291.4190001487732,11,2115.4279999999994
210,Instance_25_2.0_7_5_25_2.0_7_5.dat,0.046,7,2311.0,21.941999999999997,0.0,28.41699981689453,13,2332.942
211,Instance_25_2.0_9_1_25_2.0_9_1.dat,0.046,9,1472.9999999999998,41.492,0.0,17.149999856948853,4,1514.4919999999997
212,Instance_25_2.0_9_2_25_2.0_9_2.dat,0.046,9,1606.0,38.778,0.0,19.42600011825561,4,1644.778
213,Instance_25_2.0_9_3_25_2.0_9_3.dat,0.046,9,1405.0,26.956,0.0,7.358999967575072,4,1431.956
214,Instance_25_2.0_9_4_25_2.0_9_4.dat,0.046,9,1094.9999994078946,29.348000000000003,0.0,7.592999935150146,4,1124.3479994078946
215,Instance_25_2.0_9_5_25_2.0_9_5.dat,0.046,9,1544.0,38.5019999999949,0.0,24.478999853134155,4,1582.501999999995
216,Instance_25_3.0_3_1_25_3.0_3_1.dat,0.069,3,1365.0,17.802000000000003,9.111933595681016e-05,7.543999910354613,25,1382.802
217,Instance_25_3.0_3_2_25_3.0_3_2.dat,0.069,3,1257.0,12.213000000000005,0.0,4.0390000343322745,25,1269.213
218,Instance_25_3.0_3_3_25_3.0_3_3.dat,0.069,3,1397.9999999999998,11.59199999999999,0.0,3.174000024795532,25,1409.5919999999999
219,Instance_25_3.0_3_4_25_3.0_3_4.dat,0.069,3,1218.0,8.901000000000002,0.0,3.8339998722076416,25,1226.901
220,Instance_25_3.0_3_5_25_3.0_3_5.dat,0.069,3,1155.0,8.280000000000001,0.0,0.6150000095367432,25,1163.28
221,Instance_25_3.0_5_1_25_3.0_5_1.dat,0.069,5,2095.0,23.805000000000003,0.0,13.6489999294281,17,2118.805
222,Instance_25_3.0_5_2_25_3.0_5_2.dat,0.069,5,1975.000005739176,22.76998759944489,0.0,7.426000118255615,20,1997.769993338621
223,Instance_25_3.0_5_3_25_3.0_5_3.dat,0.069,5,2255.0,21.044999999999934,0.0,10.05999994277954,19,2276.045
224,Instance_25_3.0_5_4_25_3.0_5_4.dat,0.069,5,1790.0,22.08,0.0,7.960999965667725,20,1812.08
225,Instance_25_3.0_5_5_25_3.0_5_5.dat,0.069,5,1860.0000035118603,21.734991271327534,0.0,1.1119999885559082,21,1881.7349947831879
226,Instance_25_3.0_7_1_25_3.0_7_1.dat,0.069,7,2211.0,38.847,0.0,69.10699987411499,11,2249.847
227,Instance_25_3.0_7_2_25_3.0_7_2.dat,0.069,7,2284.0,40.64100000000001,0.0,23.8989999294281,12,2324.641
228,Instance_25_3.0_7_3_25_3.0_7_3.dat,0.069,7,2416.0,43.05600000000024,0.0,17.14299988746643,10,2459.056
229,Instance_25_3.0_7_4_25_3.0_7_4.dat,0.069,7,2087.0000000000005,42.64199999994124,0.0,368.7980000972748,11,2129.6419999999416
230,Instance_25_3.0_7_5_25_3.0_7_5.dat,0.069,7,2311.0,32.913000000000004,0.0,29.170000076293945,13,2343.913
231,Instance_25_3.0_9_1_25_3.0_9_1.dat,0.069,9,1482.0,50.02500000000001,0.0,20.191999912261966,4,1532.025
232,Instance_25_3.0_9_2_25_3.0_9_2.dat,0.069,9,1617.0,66.65400000000001,0.0,32.81500005722046,4,1683.654
233,Instance_25_3.0_9_3_25_3.0_9_3.dat,0.069,9,1405.0,40.4339999999995,5.9172132220741505e-05,17.01800012588501,4,1445.4339999999995
234,Instance_25_3.0_9_4_25_3.0_9_4.dat,0.069,9,1107.0,30.912000000000006,0.0,31.15999984741211,4,1137.912
235,Instance_25_3.0_9_5_25_3.0_9_5.dat,0.069,9,1543.9999999999973,59.20199999999442,0.0,37.80699992179871,4,1603.2019999999916
236,Instance_25_4.0_3_1_25_4.0_3_1.dat,0.092,3,1371.0,17.111999999999938,0.0,7.226999998092651,25,1388.1119999999999
237,Instance_25_4.0_3_2_25_4.0_3_2.dat,0.092,3,1256.9999999999998,16.28399999999997,0.0,7.198999881744385,25,1273.2839999999997
238,Instance_25_4.0_3_3_25_4.0_3_3.dat,0.092,3,1398.0,15.455999999999914,0.0,11.66100001335144,25,1413.456
239,Instance_25_4.0_3_4_25_4.0_3_4.dat,0.092,3,1217.9999999999993,11.86800000000017,0.0,13.413000106811525,25,1229.8679999999995
240,Instance_25_4.0_3_5_25_4.0_3_5.dat,0.092,3,1155.0,11.04,0.0,1.0329999923706057,25,1166.04
241,Instance_25_4.0_5_1_25_4.0_5_1.dat,0.092,5,2094.9999999999995,31.74000000000002,0.0,27.783999919891357,19,2126.74
242,Instance_25_4.0_5_2_25_4.0_5_2.dat,0.092,5,1975.0,30.36,0.0,10.128999948501589,20,2005.36
243,Instance_25_4.0_5_3_25_4.0_5_3.dat,0.092,5,2255.0,28.06,0.0,33.29900002479553,19,2283.06
244,Instance_25_4.0_5_4_25_4.0_5_4.dat,0.092,5,1790.0,29.44,0.0,16.430000066757202,20,1819.44
245,Instance_25_4.0_5_5_25_4.0_5_5.dat,0.092,5,1860.0000134243694,28.97998456197475,0.0,1.6890001296997068,21,1888.9799979863442
246,Instance_25_4.0_7_1_25_4.0_7_1.dat,0.092,7,2211.0,51.79600000000001,0.0,91.0880000591278,11,2262.796
247,Instance_25_4.0_7_2_25_4.0_7_2.dat,0.092,7,2284.0,54.188,0.0,32.6780002117157,12,2338.188
248,Instance_25_4.0_7_3_25_4.0_7_3.dat,0.092,7,2416.0,57.408,0.0,16.266000032424927,10,2473.408
249,Instance_25_4.0_7_4_25_4.0_7_4.dat,0.092,7,2086.9999999999995,56.856,0.0,411.7059998512268,11,2143.8559999999998
250,Instance_25_4.0_7_5_25_4.0_7_5.dat,0.092,7,2311.0,43.88399999999999,0.0,53.31500005722046,13,2354.884
251,Instance_25_4.0_9_1_25_4.0_9_1.dat,0.092,9,1474.9999999999998,79.58,0.0,33.884999990463264,4,1554.5799999999997
252,Instance_25_4.0_9_2_25_4.0_9_2.dat,0.092,9,1620.0,57.96,0.0,33.380000114440925,4,1677.96
253,Instance_25_4.0_9_3_25_4.0_9_3.dat,0.092,9,1405.0,53.912,0.0,28.83500003814697,4,1458.912
254,Instance_25_4.0_9_4_25_4.0_9_4.dat,0.092,9,1112.0,36.156,0.0,38.154000043869026,4,1148.156
255,Instance_25_4.0_9_5_25_4.0_9_5.dat,0.092,9,1544.0,79.39599999999297,0.0,19.437000036239624,4,1623.395999999993
256,Instance_25_5.0_3_1_25_5.0_3_1.dat,0.115,3,1371.0,21.39,0.0,16.423999786376953,25,1392.39
257,Instance_25_5.0_3_2_25_5.0_3_2.dat,0.115,3,1257.0,20.35499999999989,0.0,12.599999904632568,25,1277.3549999999998
258,Instance_25_5.0_3_3_25_5.0_3_3.dat,0.115,3,1397.9999999999993,19.32000000000008,0.0,14.730999946594238,25,1417.3199999999995
259,Instance_25_5.0_3_4_25_5.0_3_4.dat,0.115,3,1218.0,14.834999999999905,0.0,11.20799994468689,25,1232.8349999999998
260,Instance_25_5.0_3_5_25_5.0_3_5.dat,0.115,3,1155.0,13.8,0.0,1.1369998455047607,25,1168.8
261,Instance_25_5.0_5_1_25_5.0_5_1.dat,0.115,5,2095.0,39.675,0.0,34.44600009918213,18,2134.675
262,Instance_25_5.0_5_2_25_5.0_5_2.dat,0.115,5,1975.0,37.950000000000024,0.0,18.302000045776367,20,2012.95
263,Instance_25_5.0_5_3_25_5.0_5_3.dat,0.115,5,2255.0,35.075,0.0,18.009000062942505,19,2290.075
264,Instance_25_5.0_5_4_25_5.0_5_4.dat,0.115,5,1790.0,36.8,0.0,33.9760000705719,20,1826.8
265,Instance_25_5.0_5_5_25_5.0_5_5.dat,0.115,5,1860.0,36.225,0.0,3.539999961853028,21,1896.225
266,Instance_25_5.0_7_1_25_5.0_7_1.dat,0.115,7,2211.0,64.745,0.0,125.73200011253357,11,2275.745
267,Instance_25_5.0_7_2_25_5.0_7_2.dat,0.115,7,2284.0,67.7349999999996,0.0,39.54200005531311,12,2351.7349999999997
268,Instance_25_5.0_7_3_25_5.0_7_3.dat,0.115,7,2416.0,71.76,0.0,22.36300015449524,10,2487.76
269,Instance_25_5.0_7_4_25_5.0_7_4.dat,0.115,7,2095.0,61.41,0.0,346.4059998989105,11,2156.41
270,Instance_25_5.0_7_5_25_5.0_7_5.dat,0.115,7,2311.0,54.854999999988706,0.0,34.1819999217987,13,2365.8549999999886
271,Instance_25_5.0_9_1_25_5.0_9_1.dat,0.115,9,1462.0,119.02499999996486,0.0,19.85700011253357,4,1581.0249999999648
272,Instance_25_5.0_9_2_25_5.0_9_2.dat,0.115,9,1616.0,86.82499999999143,0.0,26.532000064849854,4,1702.8249999999914
273,Instance_25_5.0_9_3_25_5.0_9_3.dat,0.115,9,1405.0,67.38999999999997,0.0,14.780999898910522,4,1472.3899999999999
274,Instance_25_5.0_9_4_25_5.0_9_4.dat,0.115,9,1111.9999999999998,45.19499999999999,0.0,19.537999868392944,4,1157.1949999999997
275,Instance_25_5.0_9_5_25_5.0_9_5.dat,0.115,9,1546.0000000000002,104.87999999999022,0.0,13.171000003814695,4,1650.8799999999906
276,Instance_25_6.0_3_1_25_6.0_3_1.dat,0.138,3,1371.0,25.668000000000006,0.0,12.483000040054321,25,1396.6680000000001
277,Instance_25_6.0_3_2_25_6.0_3_2.dat,0.138,3,1257.0000015,24.42599503199999,0.0,6.252000093460082,25,1281.425996532
278,Instance_25_6.0_3_3_25_6.0_3_3.dat,0.138,3,1397.9999999999984,23.183999999996853,0.0,6.393999814987183,25,1421.1839999999952
279,Instance_25_6.0_3_4_25_6.0_3_4.dat,0.138,3,1218.0000000000002,17.802000000000003,0.0,3.492000102996826,25,1235.8020000000001
280,Instance_25_6.0_3_5_25_6.0_3_5.dat,0.138,3,1155.0,16.560000000000002,0.0,0.6760001182556152,25,1171.56
281,Instance_25_6.0_5_1_25_6.0_5_1.dat,0.138,5,2095.0000000000027,47.60999999998796,0.0,18.234999895095825,19,2142.6099999999906
282,Instance_25_6.0_5_2_25_6.0_5_2.dat,0.138,5,1975.0,45.540000000000006,0.0,16.440000057220463,20,2020.54
283,Instance_25_6.0_5_3_25_6.0_5_3.dat,0.138,5,2254.9999999999995,42.090000000000025,0.0,12.721999883651733,19,2297.0899999999997
284,Instance_25_6.0_5_4_25_6.0_5_4.dat,0.138,5,1790.0,44.16,0.0,7.9689998626708975,20,1834.16
285,Instance_25_6.0_5_5_25_6.0_5_5.dat,0.138,5,1860.0,43.47000000000001,0.0,1.5429999828338623,21,1903.47
286,Instance_25_6.0_7_1_25_6.0_7_1.dat,0.138,7,2229.0,58.65000000000002,0.0,90.66100001335144,11,2287.65
287,Instance_25_6.0_7_2_25_6.0_7_2.dat,0.138,7,2284.0,81.28200000000002,0.0,23.25,12,2365.282
288,Instance_25_6.0_7_3_25_6.0_7_3.dat,0.138,7,2416.0,86.11199999999997,0.0,16.741000175476074,10,2502.112
289,Instance_25_6.0_7_4_25_6.0_7_4.dat,0.138,7,2095.0,73.69200000000002,0.0,331.845999956131,11,2168.692
290,Instance_25_6.0_7_5_25_6.0_7_5.dat,0.138,7,2311.0000000000005,65.8260000000002,0.0,46.04999995231629,13,2376.8260000000005
291,Instance_25_6.0_9_1_25_6.0_9_1.dat,0.138,9,1481.9999999999998,100.05,0.0,25.213000059127808,4,1582.0499999999997
292,Instance_25_6.0_9_2_25_6.0_9_2.dat,0.138,9,1628.0,84.59399999999988,0.0,20.992000102996823,4,1712.5939999999998
293,Instance_25_6.0_9_3_25_6.0_9_3.dat,0.138,9,1404.9999999999998,80.86800000000002,0.0,12.716000080108644,4,1485.8679999999997
294,Instance_25_6.0_9_4_25_6.0_9_4.dat,0.138,9,1112.0,54.233999999999995,0.0,20.209000110626217,4,1166.234
295,Instance_25_6.0_9_5_25_6.0_9_5.dat,0.138,9,1521.9999999999998,79.626,0.0,14.50600004196167,4,1601.6259999999997
296,Instance_25_7.0_3_1_25_7.0_3_1.dat,0.162,3,1371.0000000000002,30.13200000000002,0.0,19.40899991989136,25,1401.1320000000003
297,Instance_25_7.0_3_2_25_7.0_3_2.dat,0.162,3,1257.0,28.674,0.0,6.7120001316070566,25,1285.674
298,Instance_25_7.0_3_3_25_7.0_3_3.dat,0.162,3,1398.0000000000002,27.215999999999948,0.0,8.845000028610231,25,1425.2160000000001
299,Instance_25_7.0_3_4_25_7.0_3_4.dat,0.162,3,1218.0,20.89799999999988,0.0,9.838000059127806,25,1238.898
300,Instance_25_7.0_3_5_25_7.0_3_5.dat,0.162,3,1155.0,19.44,0.0,0.5440001487731934,25,1174.44
301,Instance_25_7.0_5_1_25_7.0_5_1.dat,0.162,5,2095.0000000000005,55.88999999999293,0.0,20.151000022888184,18,2150.8899999999935
302,Instance_25_7.0_5_2_25_7.0_5_2.dat,0.162,5,1975.0,53.46,0.0,16.199999809265133,20,2028.46
303,Instance_25_7.0_5_3_25_7.0_5_3.dat,0.162,5,2255.0,49.409999999990575,0.0,12.677000045776367,19,2304.4099999999908
304,Instance_25_7.0_5_4_25_7.0_5_4.dat,0.162,5,1790.0,51.84,0.0,7.9000000953674325,20,1841.84
305,Instance_25_7.0_5_5_25_7.0_5_5.dat,0.162,5,1860.0,51.03,0.0,1.9840002059936523,21,1911.03
306,Instance_25_7.0_7_1_25_7.0_7_1.dat,0.162,7,2229.0,68.84999999999945,0.0,324.5740001201629,11,2297.8499999999995
307,Instance_25_7.0_7_2_25_7.0_7_2.dat,0.162,7,2284.0,95.41799999999999,0.0,34.992000102996826,12,2379.418
308,Instance_25_7.0_7_3_25_7.0_7_3.dat,0.162,7,2416.0,101.08799999999675,0.0,14.791000127792358,10,2517.0879999999966
309,Instance_25_7.0_7_4_25_7.0_7_4.dat,0.162,7,2106.0,75.49200000000002,0.0,385.1760001182556,15,2181.492
310,Instance_25_7.0_7_5_25_7.0_7_5.dat,0.162,7,2320.0,68.20199999999963,0.0,51.88800001144409,13,2388.2019999999998
311,Instance_25_7.0_9_1_25_7.0_9_1.dat,0.162,9,1482.0,117.45,0.0,25.11100006103516,4,1599.45
312,Instance_25_7.0_9_2_25_7.0_9_2.dat,0.162,9,1624.0,95.09399999999869,0.0,23.297000169754032,4,1719.0939999999987
313,Instance_25_7.0_9_3_25_7.0_9_3.dat,0.162,9,1405.0000000000018,94.93199999999716,0.0,15.623000144958494,4,1499.9319999999989
314,Instance_25_7.0_9_4_25_7.0_9_4.dat,0.162,9,1112.0,63.666,0.0,25.2260000705719,4,1175.666
315,Instance_25_7.0_9_5_25_7.0_9_5.dat,0.162,9,1544.0000000000025,148.55399999998863,0.0,13.966000080108644,4,1692.5539999999912
316,Instance_25_8.0_3_1_25_8.0_3_1.dat,0.185,3,1371.0,34.40999999999986,0.0,14.896999835968018,25,1405.4099999999999
317,Instance_25_8.0_3_2_25_8.0_3_2.dat,0.185,3,1257.0,32.745000000000005,0.0,3.982000112533569,25,1289.745
318,Instance_25_8.0_3_3_25_8.0_3_3.dat,0.185,3,1398.0,31.08,0.0,3.82699990272522,25,1429.08
319,Instance_25_8.0_3_4_25_8.0_3_4.dat,0.185,3,1218.0,23.86499999999991,0.0,11.98799991607666,25,1241.865
320,Instance_25_8.0_3_5_25_8.0_3_5.dat,0.185,3,1155.0,22.2,4.141182466883674e-05,0.6389999389648438,25,1177.2
321,Instance_25_8.0_5_1_25_8.0_5_1.dat,0.185,5,2095.0,63.825,0.0,26.02900004386902,18,2158.825
322,Instance_25_8.0_5_2_25_8.0_5_2.dat,0.185,5,1975.0,61.05000000000002,0.0,16.533999919891354,20,2036.05
323,Instance_25_8.0_5_3_25_8.0_5_3.dat,0.185,5,2255.0,56.425,0.0,14.030999898910522,19,2311.425
324,Instance_25_8.0_5_4_25_8.0_5_4.dat,0.185,5,1790.0,59.20000000000002,0.0,7.93399977684021,20,1849.2
325,Instance_25_8.0_5_5_25_8.0_5_5.dat,0.185,5,1860.0,58.275,0.0,2.711999893188477,21,1918.275
326,Instance_25_8.0_7_1_25_8.0_7_1.dat,0.185,7,2229.0,78.62499999999999,0.0,229.0329999923706,11,2307.625
327,Instance_25_8.0_7_2_25_8.0_7_2.dat,0.185,7,2284.0,108.96499999999922,0.0,24.592999935150146,12,2392.9649999999992
328,Instance_25_8.0_7_3_25_8.0_7_3.dat,0.185,7,2416.0000000000005,115.43999999999998,0.0,18.671000003814694,10,2531.4400000000005
329,Instance_25_8.0_7_4_25_8.0_7_4.dat,0.185,7,2106.0,86.20999999999954,0.0,612.925999879837,15,2192.2099999999996
330,Instance_25_8.0_7_5_25_8.0_7_5.dat,0.185,7,2320.000000000001,77.88499999999998,0.0,46.930999994277954,13,2397.8850000000007
331,Instance_25_8.0_9_1_25_8.0_9_1.dat,0.185,9,1521.0,116.735,0.0,38.353000164031975,4,1637.735
332,Instance_25_8.0_9_2_25_8.0_9_2.dat,0.185,9,1670.0,98.235,0.0,41.94599986076354,4,1768.235
333,Instance_25_8.0_9_3_25_8.0_9_3.dat,0.185,9,1405.0,108.41,0.0,13.805999994277954,4,1513.41
334,Instance_25_8.0_9_4_25_8.0_9_4.dat,0.185,9,1112.0000030546976,72.70498777230235,0.0,17.643999814987183,4,1184.7049908269998
335,Instance_25_8.0_9_5_25_8.0_9_5.dat,0.185,9,1597.0,121.915,0.0,18.0220000743866,4,1718.915
336,Instance_25_9.0_3_1_25_9.0_3_1.dat,0.20800000000000002,3,1371.0,38.688,0.0,8.263999938964844,25,1409.688
337,Instance_25_9.0_3_2_25_9.0_3_2.dat,0.20800000000000002,3,1257.0,36.81600000000004,0.0,10.031000137329102,25,1293.816
338,Instance_25_9.0_3_3_25_9.0_3_3.dat,0.20800000000000002,3,1398.0,34.944,4.258769815377896e-05,4.0379998683929434,25,1432.944
339,Instance_25_9.0_3_4_25_9.0_3_4.dat,0.20800000000000002,3,1217.9999999999998,26.832000000000004,0.0,10.288999795913695,25,1244.8319999999999
340,Instance_25_9.0_3_5_25_9.0_3_5.dat,0.20800000000000002,3,1155.0,24.96,0.0,0.7709999084472656,25,1179.96
341,Instance_25_9.0_5_1_25_9.0_5_1.dat,0.20800000000000002,5,2095.0,71.75999999999998,0.0,23.017000198364254,19,2166.7599999999998
342,Instance_25_9.0_5_2_25_9.0_5_2.dat,0.20800000000000002,5,1975.0,68.64,0.0,15.7979998588562,20,2043.64
343,Instance_25_9.0_5_3_25_9.0_5_3.dat,0.20800000000000002,5,2255.0,63.44,0.0,14.183000087738035,19,2318.44
344,Instance_25_9.0_5_4_25_9.0_5_4.dat,0.20800000000000002,5,1790.0,66.56,0.0,11.016000032424927,20,1856.56
345,Instance_25_9.0_5_5_25_9.0_5_5.dat,0.20800000000000002,5,1860.0,65.52,0.0,1.930999994277954,21,1925.52
346,Instance_25_9.0_7_1_25_9.0_7_1.dat,0.20800000000000002,7,2229.0,88.39999999999895,0.0,224.8100001811981,11,2317.3999999999987
347,Instance_25_9.0_7_2_25_9.0_7_2.dat,0.20800000000000002,7,2284.0000000000005,122.512,0.0,27.20000004768372,12,2406.5120000000006
348,Instance_25_9.0_7_3_25_9.0_7_3.dat,0.20800000000000002,7,2415.999999999993,129.792,0.0,18.342000007629395,10,2545.791999999993
349,Instance_25_9.0_7_4_25_9.0_7_4.dat,0.20800000000000002,7,2106.0,96.92799999999954,0.0,678.4919998645782,15,2202.9279999999994
350,Instance_25_9.0_7_5_25_9.0_7_5.dat,0.20800000000000002,7,2320.0,87.568,0.0,70.37299990653993,13,2407.568
351,Instance_25_9.0_9_1_25_9.0_9_1.dat,0.20800000000000002,9,1539.0,112.94400000000005,0.0,42.34400010108948,4,1651.944
352,Instance_25_9.0_9_2_25_9.0_9_2.dat,0.20800000000000002,9,1628.0,116.896,0.0,45.496000051498406,4,1744.896
353,Instance_25_9.0_9_3_25_9.0_9_3.dat,0.20800000000000002,9,1405.0,121.88799999997269,0.0,12.98200011253357,4,1526.8879999999726
354,Instance_25_9.0_9_4_25_9.0_9_4.dat,0.20800000000000002,9,1112.000009108272,81.74398914896841,0.0,28.59599995613098,4,1193.7439982572405
355,Instance_25_9.0_9_5_25_9.0_9_5.dat,0.20800000000000002,9,1607.0,126.04799999999994,0.0,25.111999988555908,4,1733.048
356,Instance_50_1.0_3_1_50_1.0_3_1.dat,0.023,3,1563.0,2.2769999999999997,6.016942571927914e-05,14.301000118255615,50,1565.277
357,Instance_50_1.0_3_2_50_1.0_3_2.dat,0.023,3,1698.0,3.3810000000000002,0.0,93.41600012779236,50,1701.381
358,Instance_50_1.0_3_3_50_1.0_3_3.dat,0.023,3,1656.0,2.2769999999999997,0.0,18.574000120162964,50,1658.277
359,Instance_50_1.0_3_4_50_1.0_3_4.dat,0.023,3,1686.0,2.6910000000000016,0.0,167.5350000858307,49,1688.691
360,Instance_50_1.0_3_5_50_1.0_3_5.dat,0.023,3,1788.0,3.2430000000000003,0.0,115.56200003623962,50,1791.243
361,Instance_50_1.0_5_1_50_1.0_5_1.dat,0.023,5,2415.0,4.945,0.0,35.363999843597405,38,2419.945
362,Instance_50_1.0_5_2_50_1.0_5_2.dat,0.023,5,2625.0,7.13,0.0,1311.0230000019071,38,2632.13
363,Instance_50_1.0_5_3_50_1.0_5_3.dat,0.023,5,2600.0,5.404999999999963,0.0,267.3429999351501,38,2605.4049999999997
364,Instance_50_1.0_5_4_50_1.0_5_4.dat,0.023,5,2640.0,5.979999999999938,0.0,3282.625,38,2645.98
365,Instance_50_1.0_5_5_50_1.0_5_5.dat,0.023,5,2850.0000000000014,5.405,0.0,152.17100000381467,39,2855.4050000000016
366,Instance_50_1.0_7_1_50_1.0_7_1.dat,0.023,7,2612.0,8.165,0.035875510407985506,3600.927999973297,22,2620.165
367,Instance_50_1.0_7_2_50_1.0_7_2.dat,0.023,7,2859.0,9.936000000000027,0.07618972920477811,3600.975000143051,24,2868.936
